Sku,"Available Stock"
NBASB521206-BLK4,
NBASB521206-RED,
NBASB521206-PUR,
NBASB521206-BLK,
NBASB521206-BLK3,
NBASB521205-YEL,
NBASB521205-GRY,
NBASB521204-BLK,
NBASB521204-RED,
NBASB521204-BLK2,
NBASB521204-PUR,
NBASB521204-BLK3,
NBASB521201-RED,
NBASB521201-BLK,
NBASB521201-WHT,
NBASB521201-YEL,
NBASB521201-PUR,
NBASB521201-BLK2,
NBASB521201-BLK6,
COCPJ52104-GRN,0
COCPJ52105-GRN,0
GFPJ52102-RED,
GFPPJ52101-BLU2,0
GFPPJ52102-BLU2,
GFPPJ52103-BLU2,0
GJPJ52101-GRY,0
GJPJ52103-GRY,0
KISPJ52101-BLK,0
NASPJ52102-BLK,0
SMPPJ52101-NVY,0
SMPPJ52103-NVY,0
SOPPJ52101-BLU,0
SOPPJ52103-BLU,0
SOPPJ52107-BLK,0
SOPPJ52109-BLK,0
GFBX52102-BLU,24
GFBX52101-GRY,55
ACBX52101-BLK,36
ACBX52102-BLK,0
COCBX52101-BLK,0
KISBX52102-DGRY,18
SOPBX52102-BLU,0
TWBX52101-NVY,33
TGBX52102-BLK,20
STBX52102-BLK,34
GFSO52102-BLK,77
GFSO52101-BLU,75
NASSO52101-NVY,0
NASSO52105-BLU,0
NASSO52103-BLU,0
NASSO52106-BLK,22
ACSO52104-GRY,58
COCSO52102-RED,1
ACSO52101-BLK,33
COCSO52101-BLK,0
KISO52102-BLU,33
SOPSO52102-BLK,44
KISO52103-BLU,50
SOPSO52101-LBL,34
ACSO52103-BLK,70
BWSO52102-NVY,73
CORSO52102-BLU,73
CORSO52101-BLU,48
BWSO52101-NVY,55
GFTS52101-GRY,9
GFTS52104-BLU,7
GFTS52106-BLK,5
GFTS52102-NVY,0
COCTS52101-RED,3
COCSW52101-BLK,8
COCSW52101-RED,17
COCSW52102-RED,5
COCTS52106-GRY,0
COCHD52110-NVY,
NASSW52103-GRY,0
NASPT52104-BLK,0
COCTS52110-GRY,2
COCTS52109-NVY,0
GYTS52105-BLK,15
KISW52101-BLK,10
KITS52105-BLK3,0
GYLS52104-BLK,10
NIRSW52102-BLK,13
NIRHD52102-BLK,0
ACTS52110-BLK,12
KITS52105-BLK2,0
NASSW52103-BLU,5
NASPT52105-GRY,0
NASHD52104-GRY,6
COCTS52103-RED,0
NASTS52103-ORG,5
KITS52108-BLK,0
TGTS52102-BLK,0
SOPTS52105-BLK,0
NASTS52102-BLU,0
ACTS52106-WHT,0
ACTS52106-BLK2,0
COCTS52103-GRY,0
COCTS52105-GRN,0
GJSW52105-GRY,0
GJSW52105-NVY,6
GJLT52104-BLK,0
GJHD52106-GRY,0
DLTS52101-NVY,0
DLTS52104-BLK,0
NIRTS52103-NVY,11
SMTS521206-NVY,0
SOPTS52107-BLK,0
SOPTS52107-NVY,0
SOPHD52101-BLK,0
SOPHD52101-GRY,0
STTS52104-BLK,0
TGTS52101-BLK,0
TGTS52101-BLU,0
NASTS52101-BLK,0
SOPTS52101-BLK,
TGTS52104-BLU,3
WKTS52101-WHT,0
GYTS52104-GRY,0
SOPSW52102-GRY,0
SOPHD52104-GRN,5
GJTS52102-WHT,0
GFHD52101-WHT,1
SOPTS52103-GRY,0
SOPTS52103-TUR,3
COCSW62101-RED,17
COCTS62106-RED,9
COCHD62113-BLK,2
COCPT62113-BLK,11
COCTS62111-BLK,0
COCSW62101-BLU,14
ACTS62102-BLK,11
ACCT62101-WHT,0
ACCT62101-BLK,0
CBTS62106-WHT,0
JLTS62103-WHT,0
JLTS62101-PNK,0
KITS62104-GRY,7
KIHD62101-BLK,2
NIRTS62102-WHT,0
NIRCT62108-WHT,0
NIRHD62102-BLK,0
NIRTS62103-WHT,7
SMCT621201-GRY,0
SMCT621201-WHT,0
SMTS621201-PUR,9
SMHD621201-BLU,0
SMHD621201-GRY,7
TWCT62101-BLK,13
TWCT62102-WHT,13
COCCT62113-WHT,0
COCHD62111-RED,4
COCTS62107-WHT,0
JLTS62101-PUR,9
KITT62103-AQA,9
KITT62103-BLK,3
NIRTS62102-PNK,5
SMTS621204-GRY,0
SMTS621205-NVY,0
SMSW621201-GRN,2
SMSW621201-BLK,4
NIRHD62101-BLK,4
NBACT621125-GRY,5
NBACT621125-BLU,11
NBACT621125-BLK2,12
NBACT621125-RED,7
NBACT621198-BLK3,16
NBACT621198-NVY,18
NBACT621230-BLU2,26
NBACT621230-BLU,1
NBACT621230-BLK2,14
NBACT621824-BLK,26
NBACT621824-PUR,18
NBACT621824-YEL,1
NBACT621824-BLK3,14
NBACT621824-BLK4,22
NBAJS621279-BLK,19
NBAPT621137-NVY,6
NBAPT621137-BLK5,
NBAPT621252-BLK2,9
NBASB621270-BLK,46
NBASB621270-PUR,47
NBASH621218-BLK4,6
NBASW621212-BLK,17
NBASW621212-BLU,20
NBASW621212-BLK4,20
NBATS621101-GRY,1
NBATS621103-BLK4,2
NBATS621246-BLK,26
NBATS621246-PUR,26
NBATS621705-BLK,26
NBATS621825-BLK,10
NBATS621825-BLK2,18
NBATS621825-WHT,16
NBATS621825-WHT2,9
NBATS621825-YEL,5
NBATT621224-BLU,7
NBATT621224-NVY,21
NBASH621283-BLK,10
NBASH621283-BLK2,10
NBAPT621252-BLK,9
NBATS621825-PUR,26
NBAPT621252-BLK4,14
NBAPT621264-BLK,
NBATT621801-PUR,22
MLBJT320220-WHT,20
MLBPT320201-NVY,3
MLBTS32002-WHT,22
MLBTS320201-NVY,14
MLBTS320201-NVY2,25
MLBTS320201-BLU,17
MLBTS320206-WHT,26
MLBTS320206-NVY2,26
MLBTS320209-BLK,23
MLBTS320209-NVY,11
MLBTS32158-NVY,19
MLBTS32158-NVY2,21
MLBTS32158-BLU,23
MLBTS320200-NVY,16
MLBTS320206-WHT3,26
NBATS321613-BLK,1
NBATS321613-BLK2,21
NBATS321613-BLK3,16
NBATS321621-BLK,24
NBATS321429-RED,1
NBATS321429-PUR,7
NBATS321429-BLK,23
NBATS321827-BLK,22
NBATS321825-PUR,4
NBATS321825-BLK,10
NBATS321825-BLK2,20
NBATS321825-BLU2,9
NBATS321430-PUR,2
NBATS321430-GRY,22
NBATT321824-PUR,4
NBATT321824-BLU,23
NBATT321824-BLK2,23
NBATT320471-BLK,9
NBASH321820-RED,9
NBASH321820-YEL,8
NBATS320471-RED,11
NBATS320471-WHT,10
NBASH321557-BLK,6
NBASH321557-BLK3,6
NBATS321607-BLK3,19
NBATS321000-RED3,4
NBATS320400-WHT,4
NBATS320400-BLK,5
NBATT321824-BLK,13
NBATS321825-RED,15
NBAHD321614-RED,
NBAHD321816-BLK2,1
NBASH321002-YEL,2
NBATS321826-BLK,13
NBATS321826-BLU2,23
NBATS321427-BLK2,23
NBATS321639-RED,16
NBATS321000-GRY,19
NBASH32148-PUR,3
NBASH32148-BLU,5
NBATS32147-BLK,21
NBATS32147-PUR,21
NBATT321613-GRN,6
NBATT321809-PUR,18
NBATS321613-NVY,27
NBASH321802-BLK,
NBASH321802-PUR,10
NBASH32148-GRY,10
NBATS321621-BLK2,27
NBATS32147-BLU,24
NBAHD321001-BLK4,5
NBAHD321001-BLU,4
NBAHD321001-RED,6
NBATS321000-GRN,27
NBASH321820-BLK,7
NBASH321820-ROY,9
NBATS321827-BLU,27
NBATS521622-BLK2,18
NBATS521622-BLK3,5
NBATS521622-BLK7,2
NBATS521622-BLK11,22
NBATS521822-GRY,26
NBATS521427-BLK3,16
NBATS521427-BLK4,25
NBASW521701-RED,10
NBASW521701-BLK,15
NBATS52147-BLU,20
NBATS52147-GRY,7
NBATS52147-BLK2,25
NBATS521425-BLK3,25
NBATS521429-RED,6
NBATS521429-WHT,
NBATS521429-BLK2,19
NBATT521508-BLK,24
NBATT521807-BLK2,21
NBATT521807-BLK3,5
NBATS521800-PUR,16
NBATS521800-BLK3,20
NBATS521800-BLK4,21
NBATS521800-WHT,17
NBATS521501-BLK3,23
NBATS521702-WHT,
NBATS521702-BLK2,14
NBATS521702-PUR,18
NBATS521702-BLK3,16
NBATS521702-GRY,23
NBATS521430-PUR,15
NBATS521430-WHT,9
NBATS521430-GRY,18
NBATT521824-RED,22
NBATS521825-RED,19
NBATS521825-BLU2,21
NBATS521825-BLK2,1
NBATS521613-BLK4,18
NBATT521533-BLK,7
NBATT521533-PUR,16
NBATT521533-BLK2,21
NBATT521533-BLK4,17
NBATT521600-BLK3,20
NBATS521645-BLK,11
NBATS521645-RED,14
NBATS521645-BLK2,20
NBATS521428-BLK,1
NBATS521428-BLK2,
NBATS521428-GRY,17
NBASW521702-BLK,19
NBATT52147-BLU,20
NBATT52147-GRY,18
NBATT521613-GRN,20
NBATS521545-BLK,14
NBATS521545-PUR,6
NBATS521545-BLK3,16
NBATT521810-WHT,19
NBATT521810-RED,14
NBATS521621-BLK3,5
NBATS521621-BLK4,
NBATS521621-BLK5,7
NBATS521621-BLK6,19
NBATT521809-PUR,10
NBATT521809-BLK2,18
NBATS521601-BLK,16
NBASW521819-GRY,14
NBASH521602-WHT,9
NBASH521705-BLK2,9
NBASH521002-BLK,
NBASH521002-YEL,8
NBASH521601-BLK4,8
NBAJK521585-PUR,7
NBAJK521585-RED,1
NBASH521514-PUR2,7
NBASH521514-RED,7
NBATT521801-BLK2,7
NBATT521801-BLK3,7
NBAPT521563-BLK,1
NBAPT521563-BLK2,6
NBAHD521803-BLK4,6
NBASH52148-GRY,6
NBASH521539-BLK2,3
NBASH521539-BLK5,5
NBAPT521607-BLK4,2
NBAPT521607-BLK6,3
NBAWR521601-BLK3,3
NBATT521706-BLK,2
NBAJK52148-PUR,2
NBATS521810-WHT,
NBASH521002-BLK2,10
NBASH521705-BLK3,10
BCJS32120-BLK,11
BCTS32151-NVY,24
BCTS32130-NVY,15
BCTS32130-RED,22
BCJS32121-BLK,27
BCHD32136-NVY,8
MLBCT62144-PUR,1
MLBTS62101-NVY,24
MLBTS62101-WHT,26
MLBSB62124-NVY,13
MLBSB62124-NVY2,63
MLBCT62128-LIL,24
MLBCT62128-BLU,22
MLBCT62128-WHT,12
MLBCT62144-LBL,10
MLBCT62144-RED,11
MLBPT62141-RED,7
MLBSH62139-LIL,2
MLBSW62105-BLK,24
MLBTS62103-BLU,17
MLBTS62103-NVY,3
MLBTS62103-WHT,19
MLBTS62103-RED,16
MLBTT62127-NVY,22
MLBTS62102-NVY2,26
MLBSB62120-NVY,57
MLBSB62124-BLU,46
MLBSW62105-GRY,27
MLBHD62153-NVY,10
MLBCT62128-NVY2,27
MLBTS62102-BLU,27
MLBSB62120-LBL,59
MLBCT62144-BEI,26
MLBSW62105-NVY2,22
MLBSW62105-BLK3,22
NBASO2101-GRN,42
NBASO2101-GRY,17
NBASO2101-BLU,40
NBASO2101-RED2,23
NBASO2102-BLU,27
NBASO2102-RED2,37
MLBTS520203-BLK,24
MLBTS520203-NVY,15
MLBJS521174-BLK,10
MLBJS521174-NVY,6
MLBJS521174-BLK2,21
MLBSW521154-WHT,20
MLBTS520206-NVY3,21
MLBTS52158-NVY,12
MLBTS52158-NVY2,22
MLBTT521135-NVY,12
MLBTT521135-NVY2,22
MLBJS520220-RED,9
MLBJS520220-BLU,4
MLBJT520220-NVY,18
MLBJT520220-BLU,12
MLBTS521156-BLK2,16
MLBTS521156-GRY,12
MLBTS521156-RED,12
MLBTS521156-NVY2,12
MLBTS520208-BLU,14
MLBJS52167-NVY,15
MLBTS520207-BLK,1
MLBTS520207-GRY,3
MLBTS520207-NVY,5
MLBTS520207-RED,11
MLBTS520207-WHT2,3
MLBSH521168-BLK,7
MLBSH521168-NVY,7
MLBSH521168-BLK2,6
MLBHD521124-NVY,5
MLBPT521171-NVY,3
MLBSH520201-BLU,2
MLBBBJ521177-BLU,1
MLBTS520201-BLU,
MLBTS520209-NVY,27
MLBJK521127-NVY2,5
MLBJT520220-WHT,25
MLBTS520207-BLU,24
MLBJS521174-NVY2,23
MLBSO2101-NVY3,33
MLBSO2101-NVY4,28
MLBSO2101-BLU,45
MLBSO2101-BLU2,45
BCTS52128-NVY,26
BCSB52152-NVY,26
BCSB52147-NVY,19
BCTS52151-GRY,12
BCTS52124-NVY,11
BCJS52120-TUR,5
BCHD52136-NVY,9
BCPT52139-NVY,9
BCSH52137-BLK,9
BCHD52134-BLK,8
BCHD52146-NVY,4
BCSH52137-NVY,4
BCTS52124-RED,4
BCTS52127-GRY,4
BCPT52139-GRY,3
BCTS52151-NVY,3
BCHD52146-GRY,1
BCPT52144-NVY,10
AMTS52101-NVY,21
AMTS52105-RED,15
AMHD52111-NVY,3
AMTS52104-RED,26
AMSB52116-RED,21
AMSB52115-RED,24
BCJS52121-BLK,1
NBAPT621161-WHT,1
NBASL52034-PUR,66
NBASL52034-BLK,59
NBASL52117-BLK1,66
NBASL52117-BLK2,38
NBAFF521115-RED,65
NBAFF521115-PUR,91
NBACS52102-BLK1,
NBACS52102-BLK4,
NBASL52101-BLK3,63
NBACS52106-BLK1,
NBACS52106-BLK2,3
NBACS52106-BLK3,18
NBASL52056-PUR,53
NBASL52120-PUR,89
NBASL52120-RED,88
NBASL52140-BLK3,53
NBACS52104-BLK1,
NBACS52104-BLK2,5
NBAFF521109-PUR,43
NBASL52101-BLK2,6
NBASL52140-BLK2,19
NBAFF521109-RED1,43
NFLSW521109-BLK2,25
NFLTS52159-BLK,23
NFLTS52159-NVY,23
NFLTS52159-BLK2,27
NFLTS52187-NVY,18
NFLTS52187-GRN,19
NFLTS52187-BLK,13
NFLTS52187-AQU,17
NFLTS52187-RED,8
NFLTS52187-BLK2,15
NFLTS52187-BLK4,22
NFLTS52187-RED3,18
NFLTS52187-BLK5,11
NFLJS521000-RED,19
NFLJS521000-NVY,12
NFLJS521000-AQU,18
NFLJS521000-BLK,27
NFLJS521000-BLK2,4
NFLJS521000-BLK3,6
NFLJS521000-RED2,5
NFLTS521000-NVY,13
NFLTS521000-BLK,15
NFLTS521000-RED,13
NFLTS521000-BLK5,9
NFLHD52140-NVY,1
NFLSH52102-BLK7,2
NFLSH52101-NVY,2
NFLTS52101-GRN,27
NFLTS52101-AQU,27
NFLTS52101-RED,27
JVTS32140-WHT,24
JVTS32150-BLK,25
JVTS32143-WHT,15
JVTS32140-BLK,27
JVTS32147-BLK,17
JVJS32151-WHT,29
JVJS32154-NVY,28
JVHD32157-BLK,6
NBAPJ52101-BLK,4
NBAPJ52101-PUR,16
NBAPJ52101-BLK2,35
NBAPJ52101-BLK4,14
NBAPJ52102-GRN,17
NBAPJ52102-BLK4,20
NBAPJ52101-BLU,46
NBABX52102-GRN,59
NBABX52103-BLK3,46
NBABX52103-GRY,58
NBABX52103-BLK5,5
NBABX52101-BLK2,57
NBABX52103-ROY,57
NBABX52103-BLK4,60
MLBPJ52101-WHT,14
MLBPJ52101-WHT2,46
MLBPJ52101-NVY,30
MLBPJ52102-NVY,30
MLBPJ52102-WHT2,47
MLBBX52105-WHT2,64
MLBBX52105-WHT3,59
MLBBX52106-NVY3,59
MLBBX52104-BLU,53
MLBBX52104-NVY2,59
NBACS32102-BLK1,6
NBACS32102-BLK2,7
NBACS32105-BLK1,6
NBACS32106-BLK2,35
MLBCS32101-NVY1,5
MLBCS52101-NVY1,
MLBCS52101-BLU,
MLBSL52101-NVY1,28
MLBSL52101-NVY2,65
MLBSL52101-BLU,16
MLBCS52102-NVY1,
MLBCS52102-NVY2,
MLBFF52101-NVY,62
MLBFF518401-WHT,34
MLBFF518401-NVY,61
MLBCS52103-NVY1,
MLBFF519109-BLU,109
MLBSL52100-NVY,46
MLBFF519109-NVY,17
BCSL52012-NVY,40
NFLJS321000-AQU,26
NFLJS321000-BLK3,22
NFLJS321000-RED2,23
NFLJS321000-RED3,19
NFLTS321000-NVY,19
NFLJS321000-BLK,27
NFLJS321000-RED,27
NBAPJ32101-BLK,41
NBAPJ32101-PUR,28
NBAPJ32101-BLK4,46
NBAPJ32101-BLK2,48
LVJS52102-BLK,26
LVTS52101-RED,23
LVSH52102-RED,9
LVJS52103-RED,27
MLBPJ32101-WHT,47
MLBPJ32101-NVY,38
JVTS52140-WHT,6
JVTS52140-BLK,26
JVTS52140-GRY,18
JVTS52146-WHT,26
JVTS52150-WHT,25
JVTS52150-BLK,25
JVTS52141-WHT,17
JVTS52141-BLK,23
JVJS52152-WHT,21
JVSB52168-BLK,18
JVSB52166-BLK,14
JVTS52142-WHT,14
JVTS52142-BLK,8
JVTS52143-WHT,4
JVTS52143-BLK,13
JVJS52154-WHT,11
JVSB52167-BLK,10
JVJS52153-BLK,6
